{
  "modelVersion": "1.0.0",
  "architecture": {
    "inputSize": 64,
    "hiddenLayers": [
      100,
      100
    ],
    "outputSize": 3,
    "activation": "relu"
  },
  "classes": [
    "Ankle Rotation",
    "Calf Raises",
    "Heel Walk"
  ],
  "scaler": {
    "mean": [
      0.7237322041163293,
      0.259202529057608,
      0.35810031671494885,
      1.1094225238668032,
      0.7513222071518536,
      0.7197985704453075,
      0.46897329858281234,
      0.9761643127286195,
      0.981508093185359,
      0.7343741735168198,
      -0.1462126763301866,
      2.0902098520993997,
      2.2364225284295745,
      1.0024857887409997,
      0.30828297980548475,
      1.640616783270008,
      -34.806923976887774,
      18.428861470001884,
      -52.372827105689005,
      2.5762609469215683,
      54.94908805261074,
      -43.248786066883916,
      -50.79659063415553,
      -19.544716751421845,
      -0.9340656883413541,
      4.386609700054728,
      -8.035175319500922,
      5.947271888891742,
      13.982447208392662,
      -0.7472005951870248,
      -4.6775651571961845,
      2.7823069856021347,
      0.5473425488870649,
      19.086419460241633,
      -27.863374214932755,
      30.332682019138584,
      58.1960562340713,
      -0.27412393272591845,
      -16.41157583363202,
      17.736084821440603,
      0.17191058115997,
      3.8283095879064484,
      -5.7000819393370294,
      6.126103672137111,
      11.82618561147417,
      0.09956074875497196,
      -3.1753980671942315,
      3.566872102627593,
      1.0244648865711434,
      0.24729935694944233,
      0.6149778374761695,
      1.411835328764909,
      0.7968574912887376,
      1.0425590641511575,
      0.8176835725735973,
      1.2230129368502733,
      0.7021503948796873,
      0.27445719351351144,
      0.3113297152034928,
      1.1066962652194041,
      0.7953665500159138,
      0.7020217504344094,
      0.4330831045829807,
      0.9686586537644513
    ],
    "scale": [
      0.7679446166796671,
      0.5086073117907758,
      0.9981010802940342,
      1.0942673019625677,
      1.4794774961068804,
      0.7729622028057678,
      0.8826386994802675,
      0.9574771690022311,
      4.287763007557016,
      2.6498276727717403,
      6.600392209114141,
      4.371708219309406,
      8.03475455815161,
      4.4852779908929,
      5.642091417734412,
      4.341256842758656,
      637.0305271005709,
      310.55485144704966,
      924.0474307032074,
      18.637560039834128,
      923.7651221633959,
      786.8099998749702,
      906.378762599713,
      380.32632055169586,
      17.05306568432145,
      17.94456150978935,
      43.10844768912491,
      19.7957402175867,
      57.28480098718766,
      16.731091728501468,
      30.78558961489147,
      11.123442622379995,
      7.6713585173956975,
      103.39066615042734,
      158.48632953294165,
      176.2160911413077,
      333.88855274240973,
      14.764133583591354,
      81.34398755096088,
      89.88009539143373,
      2.855398920350693,
      9.736771491205838,
      15.30564747544706,
      15.653361463262925,
      30.004680672683747,
      3.2068070661310712,
      8.595608135310874,
      10.093984273620093,
      1.1866557784334666,
      0.7559335668968737,
      1.540104570370999,
      1.6130945707359117,
      2.527073308745318,
      1.3785016026699801,
      1.215175161997662,
      1.4916518546105038,
      0.8405845854002246,
      0.5833610163959786,
      1.1440245106924751,
      1.2397073012913782,
      1.6883113222867627,
      0.818161402185165,
      0.9818122554087874,
      1.0570426961415775
    ]
  },
  "featureNames": [
    "accel_x_w0",
    "accel_y_w0",
    "accel_z_w0",
    "gyro_x_w0",
    "gyro_y_w0",
    "gyro_z_w0",
    "accel_magnitude_w0",
    "gyro_magnitude_w0",
    "accel_x_w1",
    "accel_y_w1",
    "accel_z_w1",
    "gyro_x_w1",
    "gyro_y_w1",
    "gyro_z_w1",
    "accel_magnitude_w1",
    "gyro_magnitude_w1",
    "accel_x_w2",
    "accel_y_w2",
    "accel_z_w2",
    "gyro_x_w2",
    "gyro_y_w2",
    "gyro_z_w2",
    "accel_magnitude_w2",
    "gyro_magnitude_w2",
    "accel_x_w3",
    "accel_y_w3",
    "accel_z_w3",
    "gyro_x_w3",
    "gyro_y_w3",
    "gyro_z_w3",
    "accel_magnitude_w3",
    "gyro_magnitude_w3",
    "accel_x_w4",
    "accel_y_w4",
    "accel_z_w4",
    "gyro_x_w4",
    "gyro_y_w4",
    "gyro_z_w4",
    "accel_magnitude_w4",
    "gyro_magnitude_w4",
    "accel_x_w5",
    "accel_y_w5",
    "accel_z_w5",
    "gyro_x_w5",
    "gyro_y_w5",
    "gyro_z_w5",
    "accel_magnitude_w5",
    "gyro_magnitude_w5",
    "accel_x_w6",
    "accel_y_w6",
    "accel_z_w6",
    "gyro_x_w6",
    "gyro_y_w6",
    "gyro_z_w6",
    "accel_magnitude_w6",
    "gyro_magnitude_w6",
    "accel_x_w7",
    "accel_y_w7",
    "accel_z_w7",
    "gyro_x_w7",
    "gyro_y_w7",
    "gyro_z_w7",
    "accel_magnitude_w7",
    "gyro_magnitude_w7"
  ]
}