{
  "modelVersion": "4.0.0",
  "architecture": {
    "inputSize": 112,
    "hiddenLayers": [
      150
    ],
    "outputSize": 3,
    "activation": "relu"
  },
  "classes": [
    "Ankle Rotation",
    "Calf Raises",
    "Heel Walk"
  ],
  "scaler": {
    "mean": [
      -0.26545526396894575,
      2.3635113718272716,
      -3.623139247485159,
      3.331216484808706,
      6.954355732293852,
      -0.3557072500237005,
      -2.507596851444746,
      1.9763073085520628,
      0.17681838672737207,
      186910403.40477538,
      0.887692470057781,
      3.1470976253298155,
      3.6088390501319263,
      42.447549095315196,
      0.8198388643972878,
      0.7918436804398273,
      -0.6699781603139336,
      2.3319160984498644,
      3.0018942587638033,
      0.8129518502117884,
      0.2779987986425249,
      1.3571405357697903,
      0.08409774317047981,
      4008956.583619116,
      0.824213405785636,
      4.558047493403694,
      5.031662269129288,
      44.36278115607349,
      -1.8458448529318456,
      3.0818056647130794,
      -6.305120147976587,
      3.4733855265963034,
      9.778505674572886,
      -2.530669248033931,
      -4.176050458151038,
      0.7679043432095207,
      0.0588940010185168,
      53490038.3416271,
      0.8345063615090691,
      3.6774406332453826,
      4.259234828496043,
      48.91509047808958,
      1.49234412137091,
      13.496860585861903,
      -28.73171637852573,
      27.49130500301446,
      56.223021381540164,
      1.9489298834945294,
      -7.318495484572522,
      10.45183792255212,
      0.6030077950294414,
      11962781146.844645,
      0.5902916823455115,
      4.191292875989446,
      4.332453825857519,
      49.30675986486068,
      -4.063927345378985,
      13.113347148417908,
      -24.749170073153884,
      18.259247047374693,
      43.00841712052852,
      -5.887559853998794,
      -13.820145445057205,
      7.617833873105405,
      0.577307369498094,
      749969155.8244079,
      0.677144317021737,
      3.20712401055409,
      3.5098944591029024,
      46.87962837579745,
      -0.30696675127152817,
      5.307979087298238,
      -10.906844210177049,
      10.288076264689971,
      21.194920474867047,
      -0.09157045161124955,
      -3.5672184965028224,
      2.996107137163041,
      0.70320182122053,
      268360905.61635664,
      0.630824503513879,
      3.4142480211081794,
      3.58245382585752,
      52.159292416049155,
      0.8611188846169199,
      0.39448122834866267,
      0.05408639226420021,
      1.6000949507387874,
      1.5460085584745835,
      0.8809972281339054,
      0.6300106045976577,
      1.0879456576752975,
      0.04800969085476808,
      272743.1790203832,
      0.8347761136424159,
      3.963720316622691,
      5.136543535620053,
      43.35446877732389,
      -0.7009343253082816,
      2.9727764983530442,
      -4.905026158260157,
      3.814369977994723,
      8.719396136254872,
      -0.8034028191540351,
      -3.514124202607993,
      2.140979300607204,
      0.16939287309103793,
      269932162.2008222,
      0.8782641797367572,
      3.6682058047493404,
      3.7744063324538257,
      34.138724514597385
    ],
    "scale": [
      23.297886102781064,
      15.494126992728239,
      39.7660485349696,
      17.378695546230997,
      44.607303550967444,
      25.26692265289959,
      34.51545711803747,
      18.78734377485423,
      0.39323847105416077,
      4653825396.287429,
      0.11102747621288524,
      2.8549125865799687,
      4.867034223738794,
      52.530217429177206,
      3.4401770359618333,
      5.040340976236979,
      13.418547607042507,
      8.694616974851739,
      19.94970314074622,
      2.911708367199318,
      5.0687773905718325,
      3.4241455596618313,
      0.31983785248195257,
      116064584.92498882,
      0.16910961390064322,
      4.350408028400953,
      5.885925265769401,
      35.25263558307376,
      100.94728381344198,
      57.50504110452853,
      166.26798437016464,
      22.33509990047253,
      169.4364690242363,
      124.15356278741413,
      144.44319894991676,
      53.03781664399958,
      0.2712056094875507,
      1369640350.8142672,
      0.14765973250655087,
      3.324894950396496,
      4.933804608064157,
      46.43862015885259,
      41.73737876355195,
      306.6539970958499,
      718.3913653116693,
      625.2750031076416,
      1343.265405823329,
      68.07508524495667,
      163.65026787416699,
      242.05307469312703,
      0.6446880549422506,
      463710583755.927,
      0.2221454765484975,
      3.607793991367089,
      4.808910709394446,
      39.41588601201207,
      151.32842804454017,
      183.61892704010742,
      412.92427560887893,
      197.63226677915887,
      595.2935398555862,
      205.60581758228338,
      260.235612907208,
      76.98747736894086,
      0.6620528393109854,
      20536313713.98506,
      0.17137291308890015,
      2.6711794975448955,
      4.065821532999393,
      46.469668102636334,
      16.75432529197598,
      53.300124756776164,
      128.0725961850365,
      108.71651632572559,
      235.20443458841035,
      10.584481815132529,
      41.99552890931277,
      13.094415883218177,
      0.6483667735798668,
      6544414336.660695,
      0.199849446655243,
      2.8668623783274323,
      3.891731752932878,
      46.174417182471416,
      0.9256387966688253,
      1.109325135774915,
      3.056878464803157,
      2.33194637898078,
      5.023830945926775,
      0.8881431106265976,
      1.3627911864306474,
      0.8621518568813471,
      0.2358673305145744,
      2164258.488539106,
      0.22837895440056036,
      3.598684586105489,
      6.2986751281103786,
      35.49229093526611,
      32.61194917303213,
      22.0100091600145,
      58.979942410784716,
      21.58822071537017,
      64.50222162228674,
      33.66232359797409,
      49.693635315954566,
      23.92695006534919,
      0.39511997092609746,
      6781071413.913512,
      0.11417770808062934,
      3.7858321078992843,
      5.3866863486806915,
      43.79794073668638
    ]
  },