{
  "n_features": 64,
  "hidden_layers": [
    100,
    100
  ],
  "n_outputs": 3,
  "activation": "relu",
  "out_activation": "softmax",
  "classes": [
    "Ankle Rotation",
    "Calf Raises",
    "Heel Walk"
  ],
  "scaler_mean": [
    0.27917802279223747,
    0.8213998618846409,
    -0.8714908429933801,
    1.5987036491751134,
    2.470194492168501,
    0.2745263873539781,
    -0.5186424356892434,
    0.9886810772816083,
    1.200282199082604,
    0.8854603545447983,
    -0.22938550576286373,
    2.522975554712641,
    2.752361060475508,
    1.2118862301023237,
    0.3944918773255489,
    2.0206119841153636,
    -18.688227299396036,
    19.467254388675247,
    -43.91706589176737,
    6.633361545449626,
    50.550427437216996,
    -21.160550381641055,
    -38.28892015880766,
    2.740534590295755,
    2.535890129464307,
    12.765852504663847,
    -16.104943464025535,
    24.96331501799865,
    41.06825848202419,
    -0.09873380676091228,
    -7.9934933664803065,
    13.37539219489031,
    -1.0789619527761423,
    11.359428486693307,
    -18.283811816166182,
    15.740006157031788,
    34.02381797319789,
    -0.7779618230084693,
    -11.516425994226024,
    9.294680382994624,
    -0.04416003445752859,
    6.568460474128701,
    -10.471089112458454,
    9.953037862221077,
    20.424126974679563,
    0.24400448092396768,
    -5.820132627083165,
    5.6487998710705645,
    0.99080894054601,
    0.3037472276236455,
    0.49383850244335864,
    1.4783731031845861,
    0.9845346007412237,
    0.9950711368001321,
    0.7378410505506443,
    1.2415522510574806,
    0.16466853942470108,
    0.9339840976625555,
    -1.1978898753355922,
    1.5916028230764068,
    2.7894926984119963,
    0.20568859970332523,
    -0.7422140189633422,
    0.9846361093920711
  ],
  "scaler_scale": [
    21.243326211914802,
    26.855992308661076,
    58.56738296677457,
    24.189662298753515,
    82.66707684943759,
    21.379170857338817,
    47.11401623958828,
    1.3793837003067284,
    10.078130882758531,
    6.164253813843408,
    7.8371593817453356,
    17.388018233102823,
    21.437119672857882,
    10.730485900224744,
    7.760622498579461,
    14.574212282794296,
    1098.3563853465523,
    1015.9589750283301,
    2401.5585698531722,
    221.2633351849425,
    2622.0564284582247,
    1237.8209487457616,
    2123.931559404853,
    31.28890323263813,
    130.72134054349,
    242.19435103731175,
    275.9824286478985,
    560.8352491987423,
    797.3696132788042,
    96.9147807527851,
    143.72424915835288,
    299.7063324779597,
    54.82479090283632,
    120.71479499916839,
    233.07548342452188,
    119.21493693984776,
    343.6248713690375,
    38.692861074969144,
    170.18624810254462,
    71.22017197372564,
    6.561652490125801,
    51.53618308313571,
    94.84019366969005,
    73.83533813023392,
    167.7081961572358,
    7.6094664990288665,
    45.53080010830069,
    39.27133134973092,
    3.30780245205672,
    2.633855856998999,
    5.630705370567542,
    3.846516895676898,
    8.010171367538264,
    3.7658541765655564,
    4.904870003787998,
    3.1827004830491217,
    25.755571762932146,
    31.4321165894543,
    72.03249048350175,
    23.69372359135945,
    95.62080618625669,
    23.725313036307046,
    56.0518541460073,
    1.5625793521028613
  ],
  "feature_names": [
    "acc_x_norm_mean",
    "acc_x_norm_std",
    "acc_x_norm_min",
    "acc_x_norm_max",
    "acc_x_norm_range",
    "acc_x_norm_median",
    "acc_x_norm_p25",
    "acc_x_norm_p75",
    "acc_y_norm_mean",
    "acc_y_norm_std",
    "acc_y_norm_min",
    "acc_y_norm_max",
    "acc_y_norm_range",
    "acc_y_norm_median",
    "acc_y_norm_p25",
    "acc_y_norm_p75",
    "acc_z_norm_mean",
    "acc_z_norm_std",
    "acc_z_norm_min",
    "acc_z_norm_max",
    "acc_z_norm_range",
    "acc_z_norm_median",
    "acc_z_norm_p25",
    "acc_z_norm_p75",
    "gyr_x_norm_mean",
    "gyr_x_norm_std",
    "gyr_x_norm_min",
    "gyr_x_norm_max",
    "gyr_x_norm_range",
    "gyr_x_norm_median",
    "gyr_x_norm_p25",
    "gyr_x_norm_p75",
    "gyr_y_norm_mean",
    "gyr_y_norm_std",
    "gyr_y_norm_min",
    "gyr_y_norm_max",
    "gyr_y_norm_range",
    "gyr_y_norm_median",
    "gyr_y_norm_p25",
    "gyr_y_norm_p75",
    "gyr_z_norm_mean",
    "gyr_z_norm_std",
    "gyr_z_norm_min",
    "gyr_z_norm_max",
    "gyr_z_norm_range",
    "gyr_z_norm_median",
    "gyr_z_norm_p25",
    "gyr_z_norm_p75",
    "roll_norm_mean",
    "roll_norm_std",
    "roll_norm_min",
    "roll_norm_max",
    "roll_norm_range",
    "roll_norm_median",
    "roll_norm_p25",
    "roll_norm_p75",
    "pitch_norm_mean",
    "pitch_norm_std",
    "pitch_norm_min",
    "pitch_norm_max",
    "pitch_norm_range",
    "pitch_norm_median",
    "pitch_norm_p25",
    "pitch_norm_p75"
  ],
  "n_layers": 3
}